Level,Trajectory,Quantity,Axis,Unit,MeanError,RMSE,MAE,P95AbsoluteError,MaximumError
L1,T1,Position,N,m,-0.0577144558172563,0.281621736157919,0.225306940200667,0.540829865259831,0.627184782936779
L1,T1,Position,E,m,-0.109164680603111,0.281722419139587,0.217916232870978,0.582825799102294,0.800709850845899
L1,T1,Position,D,m,-0.0420132042605389,0.0799734675481697,0.0623822244942103,0.169775489529425,0.242087357042565
L1,T1,Velocity,N,m/s,-0.0156699367724683,0.0590703940867326,0.044404040158256,0.121709833627893,0.141014252281362
L1,T1,Velocity,E,m/s,-0.0161001812708073,0.0561809308787703,0.0434732632548622,0.12078135694144,0.161578167240577
L1,T1,Velocity,D,m/s,-0.00341548090967313,0.0230736308598245,0.0172156377104705,0.0487840732456005,0.0799909891183562
L1,T1,Attitude,Roll,deg,0.00437496789286439,0.0614908649145396,0.0521510567051309,0.120893541612137,0.151176276810919
L1,T1,Attitude,Pitch,deg,-0.037211614874391,0.0740023297997407,0.0545527473271826,0.1715417057435,0.215004539457653
L1,T1,Attitude,Yaw,deg,0.0180945495565845,0.0609764356157031,0.0485137350562402,0.113317649071223,0.142635711581525
L1,T1,Angular Rate,p,rad/s,-1.13478641400075e-05,0.00365021860589371,0.00291276419836638,0.00713518773800673,0.0155148797352242
L1,T1,Angular Rate,q,rad/s,-2.51973385736144e-06,0.0035823710905208,0.00285665655466304,0.00704339127164451,0.0146074251226779
L1,T1,Angular Rate,r,rad/s,-2.40816920732654e-05,0.00364768465790953,0.00291664740363657,0.00713137336209943,0.0142320070120634
L1,T1,Acceleration,N,m/s^2,-0.00906546087932706,0.0489001721420256,0.0390109193817747,0.0953017511721549,0.195950821020231
L1,T1,Acceleration,E,m/s^2,0.00448208595193444,0.0480449648424202,0.038230973406606,0.0939314529875557,0.182782596185412
L1,T1,Acceleration,D,m/s^2,-0.0352431907602563,0.0582154554594818,0.0470249356302068,0.113563532611291,0.220538418936453
L2,T1,Position,N,m,-0.055563013378243,0.27935213679894,0.223344166726983,0.546209871906138,0.633764847006469
L2,T1,Position,E,m,-0.101335500922894,0.277053352720166,0.213722224527257,0.581103275540082,0.790315675288353
L2,T1,Position,D,m,-0.0408349071616914,0.0792053349828932,0.0615311338275361,0.16910837270962,0.24191765562633
L2,T1,Velocity,N,m/s,-0.0126229334221313,0.0557933508141628,0.041729175795517,0.115231225240923,0.140974352496424
L2,T1,Velocity,E,m/s,-0.0182093554727224,0.0553890198014612,0.0430519636590876,0.119627917271993,0.161633172780835
L2,T1,Velocity,D,m/s,-0.00293154438629205,0.0229751418210489,0.017223586594769,0.0484066635874276,0.081207889886647
L2,T1,Attitude,Roll,deg,0.0105359398693643,0.0616301044282731,0.0535319471953857,0.107151965738517,0.13678628466293
L2,T1,Attitude,Pitch,deg,-0.0185542886627594,0.0608405068801279,0.0494138770870729,0.127219806667585,0.171548995259636
L2,T1,Attitude,Yaw,deg,2.4808841289198e-05,0.0488287310755457,0.0392883594554219,0.0921015256031325,0.125794543237458
L2,T1,Angular Rate,p,rad/s,-9.73758072042633e-06,0.00365499523870114,0.00291741412795241,0.00712721947358146,0.0155526945508211
L2,T1,Angular Rate,q,rad/s,-3.26043462320978e-07,0.00358110392210451,0.00285607210161605,0.00703290417800335,0.0146444273708777
L2,T1,Angular Rate,r,rad/s,-2.62003418666011e-05,0.00364544401437871,0.00291463388392959,0.00711711153038778,0.0140770329196198
L2,T1,Acceleration,N,m/s^2,-0.0109644050380668,0.0485874723443659,0.0387768448298128,0.0943557767097424,0.193834267356098
L2,T1,Acceleration,E,m/s^2,0.00177374417138799,0.0477305270463813,0.0380414325048593,0.0934986488590629,0.180693948110382
L2,T1,Acceleration,D,m/s^2,-0.0353308392893373,0.0582512037356998,0.0471011479890683,0.113364878313472,0.220715998271997
L1,T2,Position,N,m,-0.0598854953249622,0.265111668069691,0.196764437932233,0.583956041950862,0.826093895815431
L1,T2,Position,E,m,-0.0708861367228734,0.333388770267199,0.245848836724638,0.75158272885123,0.942687024715871
L1,T2,Position,D,m,-0.0298963682975958,0.0728031876993114,0.0567353003203848,0.155443342851673,0.237334860013373
L1,T2,Velocity,N,m/s,-0.00443962376146507,0.0618581418300461,0.0492573582728129,0.112014275225598,0.137531268050065
L1,T2,Velocity,E,m/s,-0.00136816797361943,0.0541275106782627,0.0424318233112218,0.110005367761802,0.1381533660353
L1,T2,Velocity,D,m/s,-0.00276371156114664,0.0203300003236483,0.0161150131950495,0.0419376680034395,0.0740342727940745
L1,T2,Attitude,Roll,deg,0.0155404183634196,0.0499551355326468,0.0408100760758369,0.0988391703865178,0.1256000928688
L1,T2,Attitude,Pitch,deg,0.0231663327924145,0.0510041352408781,0.0406903625143857,0.10083595994979,0.14272742113712
L1,T2,Attitude,Yaw,deg,-0.0279215041606247,0.0644296946645921,0.0536423475285962,0.114392760602471,0.138439966219551
L1,T2,Angular Rate,p,rad/s,-2.68295329147805e-06,0.00363805211546836,0.00290048402992578,0.0071188858985932,0.0155896283191212
L1,T2,Angular Rate,q,rad/s,4.94302926809274e-06,0.00358976086943155,0.00285857439147962,0.00707156403127562,0.0162010529908151
L1,T2,Angular Rate,r,rad/s,-5.02836355283726e-05,0.0036382473350083,0.00291027976123726,0.00711204419748013,0.0142320070120634
L1,T2,Acceleration,N,m/s^2,-0.00316655388145126,0.0469690875419499,0.0374881499050436,0.0925061241021432,0.196279189825451
L1,T2,Acceleration,E,m/s^2,0.000679872401473673,0.0475102092945165,0.0379747927633964,0.0931620490605221,0.186338295061262
L1,T2,Acceleration,D,m/s^2,-0.0360324255251061,0.0586000256617942,0.0474111496674493,0.113344595510156,0.221685628542534
L2,T2,Position,N,m,-0.0585787038082926,0.263527190802465,0.195821307644909,0.580258314334675,0.822187039253689
L2,T2,Position,E,m,-0.0694705982901223,0.332294964102835,0.244731901323161,0.751021521410611,0.942053803237832
L2,T2,Position,D,m,-0.0298410934735706,0.0728316877522151,0.0567237510534808,0.155692870586075,0.237653578197412
L2,T2,Velocity,N,m/s,-0.00374892002193715,0.0618567168362666,0.0494174369133578,0.11161284207092,0.13377639205021
L2,T2,Velocity,E,m/s,-0.000963432627697224,0.0540932897888089,0.0422983100824744,0.109539534298931,0.137447704281575
L2,T2,Velocity,D,m/s,-0.00350580590684313,0.0220950842770481,0.0168218544587197,0.0433663437148757,0.13426784835459
L2,T2,Attitude,Roll,deg,0.0167970899021905,0.0497423206430491,0.0403712459228036,0.0992691426833454,0.125718689322197
L2,T2,Attitude,Pitch,deg,0.0209543383823766,0.0495187733683216,0.0397411538606309,0.0971034349572672,0.137353131685842
L2,T2,Attitude,Yaw,deg,-0.0321309078921974,0.0698833740348871,0.0581184879102934,0.129912008285888,0.155066731138916
L2,T2,Angular Rate,p,rad/s,-2.06849173473025e-06,0.00363671204499634,0.00289907809817666,0.00711615680765537,0.0154401567073584
L2,T2,Angular Rate,q,rad/s,5.34213548077991e-06,0.0035896414283396,0.00285959914823665,0.00705697256028171,0.0161239286463479
L2,T2,Angular Rate,r,rad/s,-4.81931849250031e-05,0.00363727287531811,0.0029096451654785,0.0071277275667304,0.0140770329196198
L2,T2,Acceleration,N,m/s^2,-0.0027694412268903,0.0468509359183063,0.0373811444291813,0.0924124308099288,0.194826087527464
L2,T2,Acceleration,E,m/s^2,0.00109732458288974,0.0474396665751676,0.0379235818323919,0.0929633738578385,0.18691076936806
L2,T2,Acceleration,D,m/s^2,-0.0360048933728517,0.0585730266268378,0.0473929066485517,0.113202265784377,0.221418076008357
L3,T1,Position,N,m,-0.0603337920285964,0.2466847572291,0.200694639359995,0.446195152929436,0.682681939100753
L3,T1,Position,E,m,-0.117383039918281,0.273997137692969,0.208335347227711,0.586252674295602,0.810013764717038
L3,T1,Position,D,m,-0.042706846217277,0.0789465814557098,0.0612821537542451,0.165499994882798,0.237789746136803
L3,T1,Velocity,N,m/s,-0.0109502059951322,0.0513394736172482,0.0371383637693447,0.119515766767965,0.151610661149803
L3,T1,Velocity,E,m/s,-0.0187792097858739,0.0566007656069522,0.0431226681868761,0.125750991942042,0.164606295555559
L3,T1,Velocity,D,m/s,-0.00114244391183175,0.0203937478522613,0.0154659315782586,0.0440170100716247,0.0660084954744631
L3,T1,Attitude,Roll,deg,-0.0236906427888386,0.0572092311834576,0.0446069913861393,0.123589850662214,0.155625050055456
L3,T1,Attitude,Pitch,deg,-0.0338820434450583,0.0644234542192416,0.0511938175432342,0.12818082770744,0.159186217994789
L3,T1,Attitude,Yaw,deg,-0.0192586463702695,0.062804779777343,0.0513957250197494,0.120557430976008,0.179487060359011
L3,T1,Angular Rate,p,rad/s,-1.22027665599189e-05,0.00364838730657378,0.00291113665994176,0.00712476136331567,0.0155086522129072
L3,T1,Angular Rate,q,rad/s,-1.18174889526266e-06,0.00358398824460845,0.00285996917851045,0.00703673707435823,0.0147140829887104
L3,T1,Angular Rate,r,rad/s,-1.78791962680445e-05,0.00364995719106149,0.00291633141123317,0.00714219706411409,0.0141676723314575
L3,T1,Acceleration,N,m/s^2,-0.00781332021132778,0.048455962917288,0.0387121916536661,0.0948744421392883,0.180466765914819
L3,T1,Acceleration,E,m/s^2,-0.00263362880767139,0.0471712607507175,0.0376473267023087,0.0920030531995709,0.178057908971973
L3,T1,Acceleration,D,m/s^2,-0.0363847158647474,0.0588464692310424,0.0475820452822466,0.114312759939786,0.22304402059499
L3,T2,Position,N,m,-0.0975661816589207,0.281453463800055,0.226060047659307,0.571797188647226,0.727311871358459
L3,T2,Position,E,m,-0.0943955306410966,0.313127454055457,0.243729132047307,0.664457078217595,0.850222495512274
L3,T2,Position,D,m,-0.0568616769097653,0.125454733052885,0.0943645338816799,0.273909309745671,0.406232214771697
L3,T2,Velocity,N,m/s,-0.0233391433264164,0.0909278874899661,0.0599496450190491,0.183873766495245,0.380724909269007
L3,T2,Velocity,E,m/s,0.0131807502320315,0.0811794887154197,0.0553866967392929,0.199341444073505,0.301688699667228
L3,T2,Velocity,D,m/s,-0.000635771958007001,0.117327120302926,0.047713227235853,0.209743496001815,1.06764449502484
L3,T2,Attitude,Roll,deg,-0.0132566078350683,0.0837126170985158,0.0517295227591246,0.216932548343638,0.385007102894626
L3,T2,Attitude,Pitch,deg,0.0870080022460953,0.151465189720033,0.114635155564661,0.306474466328113,0.370919292010268
L3,T2,Attitude,Yaw,deg,0.0275294542557637,0.0738953451661736,0.0634002871009773,0.124193056944836,0.209494671377012
L3,T2,Angular Rate,p,rad/s,-1.17653305816626e-05,0.00364433537620515,0.00289887771371995,0.00717192754744145,0.0155591700315448
L3,T2,Angular Rate,q,rad/s,9.76987471475366e-06,0.00360404649443221,0.00286873047800191,0.00712320599747918,0.0161737198891721
L3,T2,Angular Rate,r,rad/s,-5.22772569490077e-05,0.00362365247558856,0.00290184289591776,0.00709197403756475,0.0141676723314575
L3,T2,Acceleration,N,m/s^2,0.0258178615144914,0.0657307722958299,0.0495908274953667,0.124378533941612,2.35417579507221
L3,T2,Acceleration,E,m/s^2,0.0147111182744546,0.0841298145990926,0.0444553480870034,0.108077027449683,7.70934251587309
L3,T2,Acceleration,D,m/s^2,-0.0187622666800348,0.558125906228184,0.0585810674153865,0.129764808349316,74.9255605537872
