RowType,Level,Controller,Trajectory,Condition,Traj_Cond,RunID,Repeat,RandomizationRank,UniqueKey,Completed,AttemptCount,Status,ExecutionTime_s,SimulatedDuration_s,RTF,StartTimestamp,EndTimestamp,ErrorIdentifier,ErrorMessage,SummaryRepresentative,ExecutionMean_s,ExecutionStd_s,ExecutionMedian_s,ExecutionCV_pct,ExecutionCI95Low_s,ExecutionCI95High_s,RTFMean,RTFStd,NormalityP_Log,BrownForsytheP_Log,Comparison_vs_L3,WelchT_t_Log,WelchT_df,WelchT_P_Log,WelchT_P_Log_Holm,RankSumP,RankSumP_Holm,HedgesG_Log,GeometricTimeRatio_vs_L3,TimeRatioCI95Low,TimeRatioCI95High,L3SlowdownFactor,L3SlowdownCI95Low,L3SlowdownCI95High
RAW,L1,C1,T2,NOM,T2/D0,C1_T2_L1_NOM,1,1,L1_T2_NOM_R01,1,1,COMPLETE,4.5218448,130,28.749328150316,2026-09-13 10:40:49.701,2026-09-13 10:40:57.280,,,1,4.53290382,0.0590886955431089,4.5189874,1.30355061323822,4.49063431357844,4.57517332642156,28.6835303390534,0.370162129793339,0.0817589928855732,0.70234411503295,L1_vs_L3,-507.88843422509,17.1180358181785,3.29879625616959e-37,1.97927775370175e-36,0.00018267179110955,0.0014613743288764,-217.537375622816,0.0699765381123769,0.069208079492792,0.0707535293867377,14.2905040314237,14.1335705606149,14.4491800282386
RAW,L1,C1,T1,NOM,T1/D0,C1_T1_L1_NOM,1,2,L1_T1_NOM_R01,1,1,COMPLETE,4.7765766,130,27.2161447175368,2026-09-13 10:40:57.936,2026-09-13 10:41:05.673,,,1,4.60642414,0.112527900255677,4.57254905,2.44284713772963,4.52592652943772,4.68692175056228,28.2364822758735,0.683514312149514,0.381111479930845,0.0053543495986327,L1_vs_L3,-294.172189350967,11.5422066754125,9.96689191184197e-24,9.96689191184197e-24,0.00018267179110955,0.0014613743288764,-125.999022108596,0.0889269866368333,0.0873403883492266,0.0905424065746961,11.2451803194892,11.0445484920374,11.4494567622203
RAW,L1,C1,T2,DIST,T2/D1,C1_T2_L1_DIST,1,3,L1_T2_DIST_R01,1,1,COMPLETE,7.3337793,130,17.7261947329121,2026-09-13 10:41:06.345,2026-09-13 10:41:17.293,,,1,6.96669766,0.140768962114217,6.92465105,2.02059812244266,6.86599761080527,7.06739770919473,18.6668197396919,0.363862047873568,0.0257751585056343,0.970483864483072,L1_vs_L3,-256.984610115906,17.3417362969231,1.68745995358328e-32,6.74983981433312e-32,0.00018267179110955,0.0014613743288764,-110.070940570564,0.0787300343699464,0.0771065833496194,0.0803876665600376,12.7016329664112,12.4397192105726,12.9690612209565
RAW,L1,C1,T1,DIST,T1/D1,C1_T1_L1_DIST,1,4,L1_T1_DIST_R01,1,1,COMPLETE,7.1796,130,18.1068583207978,2026-09-13 10:41:17.972,2026-09-13 10:41:28.641,,,1,6.91311521,0.135388202911877,6.8797484,1.95842538131051,6.81626432406003,7.00996609593997,18.8112537131267,0.364158019834713,0.380821009388539,0.00580974195651908,L1_vs_L3,-348.029000681095,11.8062714413417,4.76751393979356e-25,1.21507108642722e-24,0.00018267179110955,0.0014613743288764,-149.066823237095,0.0994719708592174,0.0980425176387541,0.100922265410143,10.0530832088901,9.90861625961374,10.1996564764339
RAW,L1,C1,T1,DIST,T1/D1,C1_T1_L1_DIST,2,1,L1_T1_DIST_R02,1,1,COMPLETE,6.9259803,130,18.7699061171167,2026-09-13 10:41:29.337,2026-09-13 10:41:38.995,,,0,6.91311521,0.135388202911877,6.8797484,1.95842538131051,6.81626432406003,7.00996609593997,18.8112537131267,0.364158019834713,0.380821009388539,0.00580974195651908,L1_vs_L3,-348.029000681095,11.8062714413417,4.76751393979356e-25,1.21507108642722e-24,0.00018267179110955,0.0014613743288764,-149.066823237095,0.0994719708592174,0.0980425176387541,0.100922265410143,10.0530832088901,9.90861625961374,10.1996564764339
RAW,L1,C1,T2,DIST,T2/D1,C1_T2_L1_DIST,2,2,L1_T2_DIST_R02,1,1,COMPLETE,6.9264841,130,18.7685408820905,2026-09-13 10:41:39.636,2026-09-13 10:41:49.185,,,0,6.96669766,0.140768962114217,6.92465105,2.02059812244266,6.86599761080527,7.06739770919473,18.6668197396919,0.363862047873568,0.0257751585056343,0.970483864483072,L1_vs_L3,-256.984610115906,17.3417362969231,1.68745995358328e-32,6.74983981433312e-32,0.00018267179110955,0.0014613743288764,-110.070940570564,0.0787300343699464,0.0771065833496194,0.0803876665600376,12.7016329664112,12.4397192105726,12.9690612209565
RAW,L1,C1,T1,NOM,T1/D0,C1_T1_L1_NOM,2,3,L1_T1_NOM_R02,1,1,COMPLETE,4.6876826,130,27.7322530326605,2026-09-13 10:41:49.826,2026-09-13 10:41:57.060,,,0,4.60642414,0.112527900255677,4.57254905,2.44284713772963,4.52592652943772,4.68692175056228,28.2364822758735,0.683514312149514,0.381111479930845,0.0053543495986327,L1_vs_L3,-294.172189350967,11.5422066754125,9.96689191184197e-24,9.96689191184197e-24,0.00018267179110955,0.0014613743288764,-125.999022108596,0.0889269866368333,0.0873403883492266,0.0905424065746961,11.2451803194892,11.0445484920374,11.4494567622203
RAW,L1,C1,T2,NOM,T2/D0,C1_T2_L1_NOM,2,4,L1_T2_NOM_R02,1,1,COMPLETE,4.6176998,130,28.1525446933558,2026-09-13 10:41:57.706,2026-09-13 10:42:04.850,,,0,4.53290382,0.0590886955431089,4.5189874,1.30355061323822,4.49063431357844,4.57517332642156,28.6835303390534,0.370162129793339,0.0817589928855732,0.70234411503295,L1_vs_L3,-507.88843422509,17.1180358181785,3.29879625616959e-37,1.97927775370175e-36,0.00018267179110955,0.0014613743288764,-217.537375622816,0.0699765381123769,0.069208079492792,0.0707535293867377,14.2905040314237,14.1335705606149,14.4491800282386
RAW,L1,C1,T2,NOM,T2/D0,C1_T2_L1_NOM,3,1,L1_T2_NOM_R03,1,1,COMPLETE,4.6425665,130,28.0017529097322,2026-09-13 10:42:05.497,2026-09-13 10:42:12.681,,,0,4.53290382,0.0590886955431089,4.5189874,1.30355061323822,4.49063431357844,4.57517332642156,28.6835303390534,0.370162129793339,0.0817589928855732,0.70234411503295,L1_vs_L3,-507.88843422509,17.1180358181785,3.29879625616959e-37,1.97927775370175e-36,0.00018267179110955,0.0014613743288764,-217.537375622816,0.0699765381123769,0.069208079492792,0.0707535293867377,14.2905040314237,14.1335705606149,14.4491800282386
RAW,L1,C1,T1,NOM,T1/D0,C1_T1_L1_NOM,3,2,L1_T1_NOM_R03,1,1,COMPLETE,4.7689761,130,27.259520130537,2026-09-13 10:42:13.321,2026-09-13 10:42:20.634,,,0,4.60642414,0.112527900255677,4.57254905,2.44284713772963,4.52592652943772,4.68692175056228,28.2364822758735,0.683514312149514,0.381111479930845,0.0053543495986327,L1_vs_L3,-294.172189350967,11.5422066754125,9.96689191184197e-24,9.96689191184197e-24,0.00018267179110955,0.0014613743288764,-125.999022108596,0.0889269866368333,0.0873403883492266,0.0905424065746961,11.2451803194892,11.0445484920374,11.4494567622203
RAW,L1,C1,T1,DIST,T1/D1,C1_T1_L1_DIST,3,3,L1_T1_DIST_R03,1,1,COMPLETE,7.0451486,130,18.4524141903834,2026-09-13 10:42:21.277,2026-09-13 10:42:31.067,,,0,6.91311521,0.135388202911877,6.8797484,1.95842538131051,6.81626432406003,7.00996609593997,18.8112537131267,0.364158019834713,0.380821009388539,0.00580974195651908,L1_vs_L3,-348.029000681095,11.8062714413417,4.76751393979356e-25,1.21507108642722e-24,0.00018267179110955,0.0014613743288764,-149.066823237095,0.0994719708592174,0.0980425176387541,0.100922265410143,10.0530832088901,9.90861625961374,10.1996564764339
RAW,L1,C1,T2,DIST,T2/D1,C1_T2_L1_DIST,3,4,L1_T2_DIST_R03,1,1,COMPLETE,7.043012,130,18.4580119982757,2026-09-13 10:42:31.713,2026-09-13 10:42:41.380,,,0,6.96669766,0.140768962114217,6.92465105,2.02059812244266,6.86599761080527,7.06739770919473,18.6668197396919,0.363862047873568,0.0257751585056343,0.970483864483072,L1_vs_L3,-256.984610115906,17.3417362969231,1.68745995358328e-32,6.74983981433312e-32,0.00018267179110955,0.0014613743288764,-110.070940570564,0.0787300343699464,0.0771065833496194,0.0803876665600376,12.7016329664112,12.4397192105726,12.9690612209565
RAW,L1,C1,T1,NOM,T1/D0,C1_T1_L1_NOM,4,1,L1_T1_NOM_R04,1,1,COMPLETE,4.6760284,130,27.8013709240945,2026-09-13 10:42:42.033,2026-09-13 10:42:49.279,,,0,4.60642414,0.112527900255677,4.57254905,2.44284713772963,4.52592652943772,4.68692175056228,28.2364822758735,0.683514312149514,0.381111479930845,0.0053543495986327,L1_vs_L3,-294.172189350967,11.5422066754125,9.96689191184197e-24,9.96689191184197e-24,0.00018267179110955,0.0014613743288764,-125.999022108596,0.0889269866368333,0.0873403883492266,0.0905424065746961,11.2451803194892,11.0445484920374,11.4494567622203
RAW,L1,C1,T2,NOM,T2/D0,C1_T2_L1_NOM,4,2,L1_T2_NOM_R04,1,1,COMPLETE,4.5729766,130,28.4278734336843,2026-09-13 10:42:49.913,2026-09-13 10:42:56.971,,,0,4.53290382,0.0590886955431089,4.5189874,1.30355061323822,4.49063431357844,4.57517332642156,28.6835303390534,0.370162129793339,0.0817589928855732,0.70234411503295,L1_vs_L3,-507.88843422509,17.1180358181785,3.29879625616959e-37,1.97927775370175e-36,0.00018267179110955,0.0014613743288764,-217.537375622816,0.0699765381123769,0.069208079492792,0.0707535293867377,14.2905040314237,14.1335705606149,14.4491800282386
RAW,L1,C1,T1,DIST,T1/D1,C1_T1_L1_DIST,4,3,L1_T1_DIST_R04,1,1,COMPLETE,6.9136198,130,18.8034638526116,2026-09-13 10:42:57.620,2026-09-13 10:43:07.227,,,0,6.91311521,0.135388202911877,6.8797484,1.95842538131051,6.81626432406003,7.00996609593997,18.8112537131267,0.364158019834713,0.380821009388539,0.00580974195651908,L1_vs_L3,-348.029000681095,11.8062714413417,4.76751393979356e-25,1.21507108642722e-24,0.00018267179110955,0.0014613743288764,-149.066823237095,0.0994719708592174,0.0980425176387541,0.100922265410143,10.0530832088901,9.90861625961374,10.1996564764339
RAW,L1,C1,T2,DIST,T2/D1,C1_T2_L1_DIST,4,4,L1_T2_DIST_R04,1,1,COMPLETE,6.922818,130,18.7784800929333,2026-09-13 10:43:07.867,2026-09-13 10:43:17.399,,,0,6.96669766,0.140768962114217,6.92465105,2.02059812244266,6.86599761080527,7.06739770919473,18.6668197396919,0.363862047873568,0.0257751585056343,0.970483864483072,L1_vs_L3,-256.984610115906,17.3417362969231,1.68745995358328e-32,6.74983981433312e-32,0.00018267179110955,0.0014613743288764,-110.070940570564,0.0787300343699464,0.0771065833496194,0.0803876665600376,12.7016329664112,12.4397192105726,12.9690612209565
RAW,L1,C1,T1,DIST,T1/D1,C1_T1_L1_DIST,5,1,L1_T1_DIST_R05,1,1,COMPLETE,6.8236151,130,19.0514848939824,2026-09-13 10:43:18.042,2026-09-13 10:43:27.464,,,0,6.91311521,0.135388202911877,6.8797484,1.95842538131051,6.81626432406003,7.00996609593997,18.8112537131267,0.364158019834713,0.380821009388539,0.00580974195651908,L1_vs_L3,-348.029000681095,11.8062714413417,4.76751393979356e-25,1.21507108642722e-24,0.00018267179110955,0.0014613743288764,-149.066823237095,0.0994719708592174,0.0980425176387541,0.100922265410143,10.0530832088901,9.90861625961374,10.1996564764339
RAW,L1,C1,T2,DIST,T2/D1,C1_T2_L1_DIST,5,2,L1_T2_DIST_R05,1,1,COMPLETE,6.9722043,130,18.6454662551985,2026-09-13 10:43:28.110,2026-09-13 10:43:37.679,,,0,6.96669766,0.140768962114217,6.92465105,2.02059812244266,6.86599761080527,7.06739770919473,18.6668197396919,0.363862047873568,0.0257751585056343,0.970483864483072,L1_vs_L3,-256.984610115906,17.3417362969231,1.68745995358328e-32,6.74983981433312e-32,0.00018267179110955,0.0014613743288764,-110.070940570564,0.0787300343699464,0.0771065833496194,0.0803876665600376,12.7016329664112,12.4397192105726,12.9690612209565
RAW,L1,C1,T1,NOM,T1/D0,C1_T1_L1_NOM,5,3,L1_T1_NOM_R05,1,1,COMPLETE,4.522215,130,28.7469746573305,2026-09-13 10:43:38.312,2026-09-13 10:43:45.377,,,0,4.60642414,0.112527900255677,4.57254905,2.44284713772963,4.52592652943772,4.68692175056228,28.2364822758735,0.683514312149514,0.381111479930845,0.0053543495986327,L1_vs_L3,-294.172189350967,11.5422066754125,9.96689191184197e-24,9.96689191184197e-24,0.00018267179110955,0.0014613743288764,-125.999022108596,0.0889269866368333,0.0873403883492266,0.0905424065746961,11.2451803194892,11.0445484920374,11.4494567622203
RAW,L1,C1,T2,NOM,T2/D0,C1_T2_L1_NOM,5,4,L1_T2_NOM_R05,1,1,COMPLETE,4.4882867,130,28.9642816266617,2026-09-13 10:43:46.016,2026-09-13 10:43:52.980,,,0,4.53290382,0.0590886955431089,4.5189874,1.30355061323822,4.49063431357844,4.57517332642156,28.6835303390534,0.370162129793339,0.0817589928855732,0.70234411503295,L1_vs_L3,-507.88843422509,17.1180358181785,3.29879625616959e-37,1.97927775370175e-36,0.00018267179110955,0.0014613743288764,-217.537375622816,0.0699765381123769,0.069208079492792,0.0707535293867377,14.2905040314237,14.1335705606149,14.4491800282386
RAW,L1,C1,T2,DIST,T2/D1,C1_T2_L1_DIST,6,1,L1_T2_DIST_R06,1,1,COMPLETE,6.9179143,130,18.7917910460383,2026-09-13 10:43:53.623,2026-09-13 10:44:03.174,,,0,6.96669766,0.140768962114217,6.92465105,2.02059812244266,6.86599761080527,7.06739770919473,18.6668197396919,0.363862047873568,0.0257751585056343,0.970483864483072,L1_vs_L3,-256.984610115906,17.3417362969231,1.68745995358328e-32,6.74983981433312e-32,0.00018267179110955,0.0014613743288764,-110.070940570564,0.0787300343699464,0.0771065833496194,0.0803876665600376,12.7016329664112,12.4397192105726,12.9690612209565
RAW,L1,C1,T2,NOM,T2/D0,C1_T2_L1_NOM,6,2,L1_T2_NOM_R06,1,1,COMPLETE,4.525569,130,28.7256696340283,2026-09-13 10:44:03.820,2026-09-13 10:44:10.877,,,0,4.53290382,0.0590886955431089,4.5189874,1.30355061323822,4.49063431357844,4.57517332642156,28.6835303390534,0.370162129793339,0.0817589928855732,0.70234411503295,L1_vs_L3,-507.88843422509,17.1180358181785,3.29879625616959e-37,1.97927775370175e-36,0.00018267179110955,0.0014613743288764,-217.537375622816,0.0699765381123769,0.069208079492792,0.0707535293867377,14.2905040314237,14.1335705606149,14.4491800282386
RAW,L1,C1,T1,NOM,T1/D0,C1_T1_L1_NOM,6,3,L1_T1_NOM_R06,1,1,COMPLETE,4.5650355,130,28.477325094186,2026-09-13 10:44:11.506,2026-09-13 10:44:18.554,,,0,4.60642414,0.112527900255677,4.57254905,2.44284713772963,4.52592652943772,4.68692175056228,28.2364822758735,0.683514312149514,0.381111479930845,0.0053543495986327,L1_vs_L3,-294.172189350967,11.5422066754125,9.96689191184197e-24,9.96689191184197e-24,0.00018267179110955,0.0014613743288764,-125.999022108596,0.0889269866368333,0.0873403883492266,0.0905424065746961,11.2451803194892,11.0445484920374,11.4494567622203
RAW,L1,C1,T1,DIST,T1/D1,C1_T1_L1_DIST,6,4,L1_T1_DIST_R06,1,1,COMPLETE,7.0269979,130,18.5000766828178,2026-09-13 10:44:19.186,2026-09-13 10:44:28.911,,,0,6.91311521,0.135388202911877,6.8797484,1.95842538131051,6.81626432406003,7.00996609593997,18.8112537131267,0.364158019834713,0.380821009388539,0.00580974195651908,L1_vs_L3,-348.029000681095,11.8062714413417,4.76751393979356e-25,1.21507108642722e-24,0.00018267179110955,0.0014613743288764,-149.066823237095,0.0994719708592174,0.0980425176387541,0.100922265410143,10.0530832088901,9.90861625961374,10.1996564764339
RAW,L1,C1,T2,NOM,T2/D0,C1_T2_L1_NOM,7,1,L1_T2_NOM_R07,1,1,COMPLETE,4.4914648,130,28.9437868910828,2026-09-13 10:44:29.563,2026-09-13 10:44:36.578,,,0,4.53290382,0.0590886955431089,4.5189874,1.30355061323822,4.49063431357844,4.57517332642156,28.6835303390534,0.370162129793339,0.0817589928855732,0.70234411503295,L1_vs_L3,-507.88843422509,17.1180358181785,3.29879625616959e-37,1.97927775370175e-36,0.00018267179110955,0.0014613743288764,-217.537375622816,0.0699765381123769,0.069208079492792,0.0707535293867377,14.2905040314237,14.1335705606149,14.4491800282386
RAW,L1,C1,T1,DIST,T1/D1,C1_T1_L1_DIST,7,2,L1_T1_DIST_R07,1,1,COMPLETE,6.845877,130,18.9895319474773,2026-09-13 10:44:37.220,2026-09-13 10:44:46.675,,,0,6.91311521,0.135388202911877,6.8797484,1.95842538131051,6.81626432406003,7.00996609593997,18.8112537131267,0.364158019834713,0.380821009388539,0.00580974195651908,L1_vs_L3,-348.029000681095,11.8062714413417,4.76751393979356e-25,1.21507108642722e-24,0.00018267179110955,0.0014613743288764,-149.066823237095,0.0994719708592174,0.0980425176387541,0.100922265410143,10.0530832088901,9.90861625961374,10.1996564764339
RAW,L1,C1,T1,NOM,T1/D0,C1_T1_L1_NOM,7,3,L1_T1_NOM_R07,1,1,COMPLETE,4.5150159,130,28.7928111172322,2026-09-13 10:44:47.310,2026-09-13 10:44:54.358,,,0,4.60642414,0.112527900255677,4.57254905,2.44284713772963,4.52592652943772,4.68692175056228,28.2364822758735,0.683514312149514,0.381111479930845,0.0053543495986327,L1_vs_L3,-294.172189350967,11.5422066754125,9.96689191184197e-24,9.96689191184197e-24,0.00018267179110955,0.0014613743288764,-125.999022108596,0.0889269866368333,0.0873403883492266,0.0905424065746961,11.2451803194892,11.0445484920374,11.4494567622203
RAW,L1,C1,T2,DIST,T2/D1,C1_T2_L1_DIST,7,4,L1_T2_DIST_R07,1,1,COMPLETE,6.8949629,130,18.8543436542639,2026-09-13 10:44:55.006,2026-09-13 10:45:04.544,,,0,6.96669766,0.140768962114217,6.92465105,2.02059812244266,6.86599761080527,7.06739770919473,18.6668197396919,0.363862047873568,0.0257751585056343,0.970483864483072,L1_vs_L3,-256.984610115906,17.3417362969231,1.68745995358328e-32,6.74983981433312e-32,0.00018267179110955,0.0014613743288764,-110.070940570564,0.0787300343699464,0.0771065833496194,0.0803876665600376,12.7016329664112,12.4397192105726,12.9690612209565
RAW,L1,C1,T1,NOM,T1/D0,C1_T1_L1_NOM,8,1,L1_T1_NOM_R08,1,1,COMPLETE,4.5011154,130,28.8817300707287,2026-09-13 10:45:05.190,2026-09-13 10:45:12.181,,,0,4.60642414,0.112527900255677,4.57254905,2.44284713772963,4.52592652943772,4.68692175056228,28.2364822758735,0.683514312149514,0.381111479930845,0.0053543495986327,L1_vs_L3,-294.172189350967,11.5422066754125,9.96689191184197e-24,9.96689191184197e-24,0.00018267179110955,0.0014613743288764,-125.999022108596,0.0889269866368333,0.0873403883492266,0.0905424065746961,11.2451803194892,11.0445484920374,11.4494567622203
RAW,L1,C1,T2,NOM,T2/D0,C1_T2_L1_NOM,8,2,L1_T2_NOM_R08,1,1,COMPLETE,4.4733757,130,29.0608275982722,2026-09-13 10:45:12.812,2026-09-13 10:45:19.804,,,0,4.53290382,0.0590886955431089,4.5189874,1.30355061323822,4.49063431357844,4.57517332642156,28.6835303390534,0.370162129793339,0.0817589928855732,0.70234411503295,L1_vs_L3,-507.88843422509,17.1180358181785,3.29879625616959e-37,1.97927775370175e-36,0.00018267179110955,0.0014613743288764,-217.537375622816,0.0699765381123769,0.069208079492792,0.0707535293867377,14.2905040314237,14.1335705606149,14.4491800282386
RAW,L1,C1,T1,DIST,T1/D1,C1_T1_L1_DIST,8,3,L1_T1_DIST_R08,1,1,COMPLETE,6.8286628,130,19.0374021689869,2026-09-13 10:45:20.453,2026-09-13 10:45:29.904,,,0,6.91311521,0.135388202911877,6.8797484,1.95842538131051,6.81626432406003,7.00996609593997,18.8112537131267,0.364158019834713,0.380821009388539,0.00580974195651908,L1_vs_L3,-348.029000681095,11.8062714413417,4.76751393979356e-25,1.21507108642722e-24,0.00018267179110955,0.0014613743288764,-149.066823237095,0.0994719708592174,0.0980425176387541,0.100922265410143,10.0530832088901,9.90861625961374,10.1996564764339
RAW,L1,C1,T2,DIST,T2/D1,C1_T2_L1_DIST,8,4,L1_T2_DIST_R08,1,1,COMPLETE,6.848467,130,18.9823503566565,2026-09-13 10:45:30.547,2026-09-13 10:45:40.037,,,0,6.96669766,0.140768962114217,6.92465105,2.02059812244266,6.86599761080527,7.06739770919473,18.6668197396919,0.363862047873568,0.0257751585056343,0.970483864483072,L1_vs_L3,-256.984610115906,17.3417362969231,1.68745995358328e-32,6.74983981433312e-32,0.00018267179110955,0.0014613743288764,-110.070940570564,0.0787300343699464,0.0771065833496194,0.0803876665600376,12.7016329664112,12.4397192105726,12.9690612209565
RAW,L1,C1,T1,DIST,T1/D1,C1_T1_L1_DIST,9,1,L1_T1_DIST_R09,1,1,COMPLETE,6.8110211,130,19.0867122699121,2026-09-13 10:45:40.690,2026-09-13 10:45:50.116,,,0,6.91311521,0.135388202911877,6.8797484,1.95842538131051,6.81626432406003,7.00996609593997,18.8112537131267,0.364158019834713,0.380821009388539,0.00580974195651908,L1_vs_L3,-348.029000681095,11.8062714413417,4.76751393979356e-25,1.21507108642722e-24,0.00018267179110955,0.0014613743288764,-149.066823237095,0.0994719708592174,0.0980425176387541,0.100922265410143,10.0530832088901,9.90861625961374,10.1996564764339
RAW,L1,C1,T2,DIST,T2/D1,C1_T2_L1_DIST,9,2,L1_T2_DIST_R09,1,1,COMPLETE,6.8549457,130,18.9644098858434,2026-09-13 10:45:50.760,2026-09-13 10:46:00.184,,,0,6.96669766,0.140768962114217,6.92465105,2.02059812244266,6.86599761080527,7.06739770919473,18.6668197396919,0.363862047873568,0.0257751585056343,0.970483864483072,L1_vs_L3,-256.984610115906,17.3417362969231,1.68745995358328e-32,6.74983981433312e-32,0.00018267179110955,0.0014613743288764,-110.070940570564,0.0787300343699464,0.0771065833496194,0.0803876665600376,12.7016329664112,12.4397192105726,12.9690612209565
RAW,L1,C1,T2,NOM,T2/D0,C1_T2_L1_NOM,9,3,L1_T2_NOM_R09,1,1,COMPLETE,4.4791243,130,29.0235303360525,2026-09-13 10:46:00.824,2026-09-13 10:46:07.802,,,0,4.53290382,0.0590886955431089,4.5189874,1.30355061323822,4.49063431357844,4.57517332642156,28.6835303390534,0.370162129793339,0.0817589928855732,0.70234411503295,L1_vs_L3,-507.88843422509,17.1180358181785,3.29879625616959e-37,1.97927775370175e-36,0.00018267179110955,0.0014613743288764,-217.537375622816,0.0699765381123769,0.069208079492792,0.0707535293867377,14.2905040314237,14.1335705606149,14.4491800282386
RAW,L1,C1,T1,NOM,T1/D0,C1_T1_L1_NOM,9,4,L1_T1_NOM_R09,1,1,COMPLETE,4.5800626,130,28.3838915214827,2026-09-13 10:46:08.441,2026-09-13 10:46:15.467,,,0,4.60642414,0.112527900255677,4.57254905,2.44284713772963,4.52592652943772,4.68692175056228,28.2364822758735,0.683514312149514,0.381111479930845,0.0053543495986327,L1_vs_L3,-294.172189350967,11.5422066754125,9.96689191184197e-24,9.96689191184197e-24,0.00018267179110955,0.0014613743288764,-125.999022108596,0.0889269866368333,0.0873403883492266,0.0905424065746961,11.2451803194892,11.0445484920374,11.4494567622203
RAW,L1,C1,T2,NOM,T2/D0,C1_T2_L1_NOM,10,1,L1_T2_NOM_R10,1,1,COMPLETE,4.51613,130,28.7857081173483,2026-09-13 10:46:16.099,2026-09-13 10:46:23.143,,,0,4.53290382,0.0590886955431089,4.5189874,1.30355061323822,4.49063431357844,4.57517332642156,28.6835303390534,0.370162129793339,0.0817589928855732,0.70234411503295,L1_vs_L3,-507.88843422509,17.1180358181785,3.29879625616959e-37,1.97927775370175e-36,0.00018267179110955,0.0014613743288764,-217.537375622816,0.0699765381123769,0.069208079492792,0.0707535293867377,14.2905040314237,14.1335705606149,14.4491800282386
RAW,L1,C1,T2,DIST,T2/D1,C1_T2_L1_DIST,10,2,L1_T2_DIST_R10,1,1,COMPLETE,6.952389,130,18.6986084927066,2026-09-13 10:46:23.779,2026-09-13 10:46:33.356,,,0,6.96669766,0.140768962114217,6.92465105,2.02059812244266,6.86599761080527,7.06739770919473,18.6668197396919,0.363862047873568,0.0257751585056343,0.970483864483072,L1_vs_L3,-256.984610115906,17.3417362969231,1.68745995358328e-32,6.74983981433312e-32,0.00018267179110955,0.0014613743288764,-110.070940570564,0.0787300343699464,0.0771065833496194,0.0803876665600376,12.7016329664112,12.4397192105726,12.9690612209565
RAW,L1,C1,T1,NOM,T1/D0,C1_T1_L1_NOM,10,3,L1_T1_NOM_R10,1,1,COMPLETE,4.4715333,130,29.0728014929465,2026-09-13 10:46:33.987,2026-09-13 10:46:40.969,,,0,4.60642414,0.112527900255677,4.57254905,2.44284713772963,4.52592652943772,4.68692175056228,28.2364822758735,0.683514312149514,0.381111479930845,0.0053543495986327,L1_vs_L3,-294.172189350967,11.5422066754125,9.96689191184197e-24,9.96689191184197e-24,0.00018267179110955,0.0014613743288764,-125.999022108596,0.0889269866368333,0.0873403883492266,0.0905424065746961,11.2451803194892,11.0445484920374,11.4494567622203
RAW,L1,C1,T1,DIST,T1/D1,C1_T1_L1_DIST,10,4,L1_T1_DIST_R10,1,1,COMPLETE,6.7306295,130,19.3146866871813,2026-09-13 10:46:41.612,2026-09-13 10:46:51.020,,,0,6.91311521,0.135388202911877,6.8797484,1.95842538131051,6.81626432406003,7.00996609593997,18.8112537131267,0.364158019834713,0.380821009388539,0.00580974195651908,L1_vs_L3,-348.029000681095,11.8062714413417,4.76751393979356e-25,1.21507108642722e-24,0.00018267179110955,0.0014613743288764,-149.066823237095,0.0994719708592174,0.0980425176387541,0.100922265410143,10.0530832088901,9.90861625961374,10.1996564764339
RAW,L2,C1,T2,DIST,T2/D1,C1_T2_L2_DIST,1,1,L2_T2_DIST_R01,1,1,COMPLETE,9.3199287,130,13.9486045638954,2026-09-13 10:47:11.610,2026-09-13 10:47:24.114,,,1,9.23819567,0.102587334568455,9.25790715,1.11046938420666,9.16480911175133,9.31158222824867,14.0735739843961,0.156296870035604,0.349521570728081,0.970483864483072,L2_vs_L3,-268.568606351905,12.6366264568275,4.0502369547574e-25,1.21507108642722e-24,0.00018267179110955,0.0014613743288764,-115.03256594061,0.104412964707448,0.102526974810727,0.106333647502277,9.57735471645574,9.40436092892029,9.75353073516585
RAW,L2,C1,T1,NOM,T1/D0,C1_T1_L2_NOM,1,2,L2_T1_NOM_R01,1,1,COMPLETE,5.8326361,130,22.2883783200533,2026-09-13 10:47:24.761,2026-09-13 10:47:33.233,,,1,5.75260336,0.0492244125963755,5.75518785,0.855689320397982,5.71739033650683,5.78781638349317,22.5999540292591,0.193486456594063,0.5,0.0053543495986327,L2_vs_L3,-551.922966646515,17.8972778918797,2.55766635705194e-39,2.04613308564155e-38,0.00018267179110955,0.0014613743288764,-236.398125295823,0.111079956520066,0.11015427871315,0.112013413229557,9.00252422964671,8.92750226216774,9.07817664172699
RAW,L2,C1,T1,DIST,T1/D1,C1_T1_L2_DIST,1,3,L2_T1_DIST_R01,1,1,COMPLETE,9.1916891,130,14.1432111754084,2026-09-13 10:47:33.876,2026-09-13 10:47:45.814,,,1,9.18501541,0.0472649160426267,9.18778405,0.514587226398858,9.15120412589878,9.21882669410122,14.1538245251798,0.0727911623191474,0.244400908414083,0.00580974195651908,L2_vs_L3,-685.730047765863,15.6003942756629,2.29032020127687e-36,1.14516010063843e-35,0.00018267179110955,0.0014613743288764,-293.710005828924,0.132183127241662,0.131357086867956,0.133014362178639,7.56526207896237,7.51798515303928,7.61283630631386
RAW,L2,C1,T2,NOM,T2/D0,C1_T2_L2_NOM,1,4,L2_T2_NOM_R01,1,1,COMPLETE,6.0777239,130,21.3895863219453,2026-09-13 10:47:46.465,2026-09-13 10:47:55.149,,,1,6.11345001,0.0541749836144249,6.10816045,0.886160572603176,6.07469556134057,6.15220445865943,21.2660923448825,0.188540558821711,0.5,0.70234411503295,L2_vs_L3,-549.452750888593,17.6112063923557,9.75253872107337e-39,6.82677710475136e-38,0.00018267179110955,0.0014613743288764,-235.34008928439,0.0943799950225977,0.0935306655689867,0.0952370370324744,10.5954656997022,10.500116668466,10.6916805725328
RAW,L2,C1,T1,DIST,T1/D1,C1_T1_L2_DIST,2,1,L2_T1_DIST_R02,1,1,COMPLETE,9.2137277,130,14.1093815915571,2026-09-13 10:47:55.794,2026-09-13 10:48:07.720,,,0,9.18501541,0.0472649160426267,9.18778405,0.514587226398858,9.15120412589878,9.21882669410122,14.1538245251798,0.0727911623191474,0.244400908414083,0.00580974195651908,L2_vs_L3,-685.730047765863,15.6003942756629,2.29032020127687e-36,1.14516010063843e-35,0.00018267179110955,0.0014613743288764,-293.710005828924,0.132183127241662,0.131357086867956,0.133014362178639,7.56526207896237,7.51798515303928,7.61283630631386
RAW,L2,C1,T1,NOM,T1/D0,C1_T1_L2_NOM,2,2,L2_T1_NOM_R02,1,1,COMPLETE,5.7593501,130,22.5719912390809,2026-09-13 10:48:08.362,2026-09-13 10:48:16.732,,,0,5.75260336,0.0492244125963755,5.75518785,0.855689320397982,5.71739033650683,5.78781638349317,22.5999540292591,0.193486456594063,0.5,0.0053543495986327,L2_vs_L3,-551.922966646515,17.8972778918797,2.55766635705194e-39,2.04613308564155e-38,0.00018267179110955,0.0014613743288764,-236.398125295823,0.111079956520066,0.11015427871315,0.112013413229557,9.00252422964671,8.92750226216774,9.07817664172699
RAW,L2,C1,T2,DIST,T2/D1,C1_T2_L2_DIST,2,3,L2_T2_DIST_R02,1,1,COMPLETE,9.3262238,130,13.9391894069709,2026-09-13 10:48:17.363,2026-09-13 10:48:29.413,,,0,9.23819567,0.102587334568455,9.25790715,1.11046938420666,9.16480911175133,9.31158222824867,14.0735739843961,0.156296870035604,0.349521570728081,0.970483864483072,L2_vs_L3,-268.568606351905,12.6366264568275,4.0502369547574e-25,1.21507108642722e-24,0.00018267179110955,0.0014613743288764,-115.03256594061,0.104412964707448,0.102526974810727,0.106333647502277,9.57735471645574,9.40436092892029,9.75353073516585
RAW,L2,C1,T2,NOM,T2/D0,C1_T2_L2_NOM,2,4,L2_T2_NOM_R02,1,1,COMPLETE,6.1477745,130,21.1458634339955,2026-09-13 10:48:30.059,2026-09-13 10:48:38.797,,,0,6.11345001,0.0541749836144249,6.10816045,0.886160572603176,6.07469556134057,6.15220445865943,21.2660923448825,0.188540558821711,0.5,0.70234411503295,L2_vs_L3,-549.452750888593,17.6112063923557,9.75253872107337e-39,6.82677710475136e-38,0.00018267179110955,0.0014613743288764,-235.34008928439,0.0943799950225977,0.0935306655689867,0.0952370370324744,10.5954656997022,10.500116668466,10.6916805725328
RAW,L2,C1,T2,DIST,T2/D1,C1_T2_L2_DIST,3,1,L2_T2_DIST_R03,1,1,COMPLETE,9.3101132,130,13.9633103494381,2026-09-13 10:48:39.448,2026-09-13 10:48:51.491,,,0,9.23819567,0.102587334568455,9.25790715,1.11046938420666,9.16480911175133,9.31158222824867,14.0735739843961,0.156296870035604,0.349521570728081,0.970483864483072,L2_vs_L3,-268.568606351905,12.6366264568275,4.0502369547574e-25,1.21507108642722e-24,0.00018267179110955,0.0014613743288764,-115.03256594061,0.104412964707448,0.102526974810727,0.106333647502277,9.57735471645574,9.40436092892029,9.75353073516585
RAW,L2,C1,T1,NOM,T1/D0,C1_T1_L2_NOM,3,2,L2_T1_NOM_R03,1,1,COMPLETE,5.7750601,130,22.5105882447873,2026-09-13 10:48:52.131,2026-09-13 10:49:00.479,,,0,5.75260336,0.0492244125963755,5.75518785,0.855689320397982,5.71739033650683,5.78781638349317,22.5999540292591,0.193486456594063,0.5,0.0053543495986327,L2_vs_L3,-551.922966646515,17.8972778918797,2.55766635705194e-39,2.04613308564155e-38,0.00018267179110955,0.0014613743288764,-236.398125295823,0.111079956520066,0.11015427871315,0.112013413229557,9.00252422964671,8.92750226216774,9.07817664172699
RAW,L2,C1,T1,DIST,T1/D1,C1_T1_L2_DIST,3,3,L2_T1_DIST_R03,1,1,COMPLETE,9.187011,130,14.1504130124586,2026-09-13 10:49:01.129,2026-09-13 10:49:13.290,,,0,9.18501541,0.0472649160426267,9.18778405,0.514587226398858,9.15120412589878,9.21882669410122,14.1538245251798,0.0727911623191474,0.244400908414083,0.00580974195651908,L2_vs_L3,-685.730047765863,15.6003942756629,2.29032020127687e-36,1.14516010063843e-35,0.00018267179110955,0.0014613743288764,-293.710005828924,0.132183127241662,0.131357086867956,0.133014362178639,7.56526207896237,7.51798515303928,7.61283630631386
RAW,L2,C1,T2,NOM,T2/D0,C1_T2_L2_NOM,3,4,L2_T2_NOM_R03,1,1,COMPLETE,6.0782241,130,21.387826092164,2026-09-13 10:49:13.924,2026-09-13 10:49:22.570,,,0,6.11345001,0.0541749836144249,6.10816045,0.886160572603176,6.07469556134057,6.15220445865943,21.2660923448825,0.188540558821711,0.5,0.70234411503295,L2_vs_L3,-549.452750888593,17.6112063923557,9.75253872107337e-39,6.82677710475136e-38,0.00018267179110955,0.0014613743288764,-235.34008928439,0.0943799950225977,0.0935306655689867,0.0952370370324744,10.5954656997022,10.500116668466,10.6916805725328
RAW,L2,C1,T1,DIST,T1/D1,C1_T1_L2_DIST,4,1,L2_T1_DIST_R04,1,1,COMPLETE,9.1245162,130,14.2473307242306,2026-09-13 10:49:23.201,2026-09-13 10:49:35.023,,,0,9.18501541,0.0472649160426267,9.18778405,0.514587226398858,9.15120412589878,9.21882669410122,14.1538245251798,0.0727911623191474,0.244400908414083,0.00580974195651908,L2_vs_L3,-685.730047765863,15.6003942756629,2.29032020127687e-36,1.14516010063843e-35,0.00018267179110955,0.0014613743288764,-293.710005828924,0.132183127241662,0.131357086867956,0.133014362178639,7.56526207896237,7.51798515303928,7.61283630631386
RAW,L2,C1,T2,DIST,T2/D1,C1_T2_L2_DIST,4,2,L2_T2_DIST_R04,1,1,COMPLETE,9.1541546,130,14.2012021514253,2026-09-13 10:49:35.667,2026-09-13 10:49:47.530,,,0,9.23819567,0.102587334568455,9.25790715,1.11046938420666,9.16480911175133,9.31158222824867,14.0735739843961,0.156296870035604,0.349521570728081,0.970483864483072,L2_vs_L3,-268.568606351905,12.6366264568275,4.0502369547574e-25,1.21507108642722e-24,0.00018267179110955,0.0014613743288764,-115.03256594061,0.104412964707448,0.102526974810727,0.106333647502277,9.57735471645574,9.40436092892029,9.75353073516585
RAW,L2,C1,T1,NOM,T1/D0,C1_T1_L2_NOM,4,3,L2_T1_NOM_R04,1,1,COMPLETE,5.727485,130,22.6975714471535,2026-09-13 10:49:48.173,2026-09-13 10:49:56.457,,,0,5.75260336,0.0492244125963755,5.75518785,0.855689320397982,5.71739033650683,5.78781638349317,22.5999540292591,0.193486456594063,0.5,0.0053543495986327,L2_vs_L3,-551.922966646515,17.8972778918797,2.55766635705194e-39,2.04613308564155e-38,0.00018267179110955,0.0014613743288764,-236.398125295823,0.111079956520066,0.11015427871315,0.112013413229557,9.00252422964671,8.92750226216774,9.07817664172699
RAW,L2,C1,T2,NOM,T2/D0,C1_T2_L2_NOM,4,4,L2_T2_NOM_R04,1,1,COMPLETE,6.1960077,130,20.9812521698448,2026-09-13 10:49:57.088,2026-09-13 10:50:05.849,,,0,6.11345001,0.0541749836144249,6.10816045,0.886160572603176,6.07469556134057,6.15220445865943,21.2660923448825,0.188540558821711,0.5,0.70234411503295,L2_vs_L3,-549.452750888593,17.6112063923557,9.75253872107337e-39,6.82677710475136e-38,0.00018267179110955,0.0014613743288764,-235.34008928439,0.0943799950225977,0.0935306655689867,0.0952370370324744,10.5954656997022,10.500116668466,10.6916805725328
RAW,L2,C1,T2,NOM,T2/D0,C1_T2_L2_NOM,5,1,L2_T2_NOM_R05,1,1,COMPLETE,6.157033,130,21.1140658170908,2026-09-13 10:50:06.498,2026-09-13 10:50:15.173,,,0,6.11345001,0.0541749836144249,6.10816045,0.886160572603176,6.07469556134057,6.15220445865943,21.2660923448825,0.188540558821711,0.5,0.70234411503295,L2_vs_L3,-549.452750888593,17.6112063923557,9.75253872107337e-39,6.82677710475136e-38,0.00018267179110955,0.0014613743288764,-235.34008928439,0.0943799950225977,0.0935306655689867,0.0952370370324744,10.5954656997022,10.500116668466,10.6916805725328
RAW,L2,C1,T1,DIST,T1/D1,C1_T1_L2_DIST,5,2,L2_T1_DIST_R05,1,1,COMPLETE,9.1860425,130,14.1519049144395,2026-09-13 10:50:15.815,2026-09-13 10:50:27.742,,,0,9.18501541,0.0472649160426267,9.18778405,0.514587226398858,9.15120412589878,9.21882669410122,14.1538245251798,0.0727911623191474,0.244400908414083,0.00580974195651908,L2_vs_L3,-685.730047765863,15.6003942756629,2.29032020127687e-36,1.14516010063843e-35,0.00018267179110955,0.0014613743288764,-293.710005828924,0.132183127241662,0.131357086867956,0.133014362178639,7.56526207896237,7.51798515303928,7.61283630631386
RAW,L2,C1,T2,DIST,T2/D1,C1_T2_L2_DIST,5,3,L2_T2_DIST_R05,1,1,COMPLETE,9.1221318,130,14.2510547808573,2026-09-13 10:50:28.392,2026-09-13 10:50:40.180,,,0,9.23819567,0.102587334568455,9.25790715,1.11046938420666,9.16480911175133,9.31158222824867,14.0735739843961,0.156296870035604,0.349521570728081,0.970483864483072,L2_vs_L3,-268.568606351905,12.6366264568275,4.0502369547574e-25,1.21507108642722e-24,0.00018267179110955,0.0014613743288764,-115.03256594061,0.104412964707448,0.102526974810727,0.106333647502277,9.57735471645574,9.40436092892029,9.75353073516585
RAW,L2,C1,T1,NOM,T1/D0,C1_T1_L2_NOM,5,4,L2_T1_NOM_R05,1,1,COMPLETE,5.6777424,130,22.8964244661751,2026-09-13 10:50:40.825,2026-09-13 10:50:49.084,,,0,5.75260336,0.0492244125963755,5.75518785,0.855689320397982,5.71739033650683,5.78781638349317,22.5999540292591,0.193486456594063,0.5,0.0053543495986327,L2_vs_L3,-551.922966646515,17.8972778918797,2.55766635705194e-39,2.04613308564155e-38,0.00018267179110955,0.0014613743288764,-236.398125295823,0.111079956520066,0.11015427871315,0.112013413229557,9.00252422964671,8.92750226216774,9.07817664172699
RAW,L2,C1,T1,NOM,T1/D0,C1_T1_L2_NOM,6,1,L2_T1_NOM_R06,1,1,COMPLETE,5.6837237,130,22.8723292794827,2026-09-13 10:50:49.722,2026-09-13 10:50:57.927,,,0,5.75260336,0.0492244125963755,5.75518785,0.855689320397982,5.71739033650683,5.78781638349317,22.5999540292591,0.193486456594063,0.5,0.0053543495986327,L2_vs_L3,-551.922966646515,17.8972778918797,2.55766635705194e-39,2.04613308564155e-38,0.00018267179110955,0.0014613743288764,-236.398125295823,0.111079956520066,0.11015427871315,0.112013413229557,9.00252422964671,8.92750226216774,9.07817664172699
RAW,L2,C1,T1,DIST,T1/D1,C1_T1_L2_DIST,6,2,L2_T1_DIST_R06,1,1,COMPLETE,9.118354,130,14.256959095907,2026-09-13 10:50:58.561,2026-09-13 10:51:10.398,,,0,9.18501541,0.0472649160426267,9.18778405,0.514587226398858,9.15120412589878,9.21882669410122,14.1538245251798,0.0727911623191474,0.244400908414083,0.00580974195651908,L2_vs_L3,-685.730047765863,15.6003942756629,2.29032020127687e-36,1.14516010063843e-35,0.00018267179110955,0.0014613743288764,-293.710005828924,0.132183127241662,0.131357086867956,0.133014362178639,7.56526207896237,7.51798515303928,7.61283630631386
RAW,L2,C1,T2,DIST,T2/D1,C1_T2_L2_DIST,6,3,L2_T2_DIST_R06,1,1,COMPLETE,9.1221349,130,14.2510499378824,2026-09-13 10:51:11.039,2026-09-13 10:51:22.814,,,0,9.23819567,0.102587334568455,9.25790715,1.11046938420666,9.16480911175133,9.31158222824867,14.0735739843961,0.156296870035604,0.349521570728081,0.970483864483072,L2_vs_L3,-268.568606351905,12.6366264568275,4.0502369547574e-25,1.21507108642722e-24,0.00018267179110955,0.0014613743288764,-115.03256594061,0.104412964707448,0.102526974810727,0.106333647502277,9.57735471645574,9.40436092892029,9.75353073516585
RAW,L2,C1,T2,NOM,T2/D0,C1_T2_L2_NOM,6,4,L2_T2_NOM_R06,1,1,COMPLETE,6.0232952,130,21.582870452705,2026-09-13 10:51:23.449,2026-09-13 10:51:32.034,,,0,6.11345001,0.0541749836144249,6.10816045,0.886160572603176,6.07469556134057,6.15220445865943,21.2660923448825,0.188540558821711,0.5,0.70234411503295,L2_vs_L3,-549.452750888593,17.6112063923557,9.75253872107337e-39,6.82677710475136e-38,0.00018267179110955,0.0014613743288764,-235.34008928439,0.0943799950225977,0.0935306655689867,0.0952370370324744,10.5954656997022,10.500116668466,10.6916805725328
RAW,L2,C1,T2,NOM,T2/D0,C1_T2_L2_NOM,7,1,L2_T2_NOM_R07,1,1,COMPLETE,6.0684652,130,21.4222205641057,2026-09-13 10:51:32.665,2026-09-13 10:51:41.236,,,0,6.11345001,0.0541749836144249,6.10816045,0.886160572603176,6.07469556134057,6.15220445865943,21.2660923448825,0.188540558821711,0.5,0.70234411503295,L2_vs_L3,-549.452750888593,17.6112063923557,9.75253872107337e-39,6.82677710475136e-38,0.00018267179110955,0.0014613743288764,-235.34008928439,0.0943799950225977,0.0935306655689867,0.0952370370324744,10.5954656997022,10.500116668466,10.6916805725328
RAW,L2,C1,T2,DIST,T2/D1,C1_T2_L2_DIST,7,2,L2_T2_DIST_R07,1,1,COMPLETE,9.2403594,130,14.0687168509917,2026-09-13 10:51:41.869,2026-09-13 10:51:53.808,,,0,9.23819567,0.102587334568455,9.25790715,1.11046938420666,9.16480911175133,9.31158222824867,14.0735739843961,0.156296870035604,0.349521570728081,0.970483864483072,L2_vs_L3,-268.568606351905,12.6366264568275,4.0502369547574e-25,1.21507108642722e-24,0.00018267179110955,0.0014613743288764,-115.03256594061,0.104412964707448,0.102526974810727,0.106333647502277,9.57735471645574,9.40436092892029,9.75353073516585
RAW,L2,C1,T1,NOM,T1/D0,C1_T1_L2_NOM,7,3,L2_T1_NOM_R07,1,1,COMPLETE,5.7725696,130,22.5203001450169,2026-09-13 10:51:54.447,2026-09-13 10:52:02.780,,,0,5.75260336,0.0492244125963755,5.75518785,0.855689320397982,5.71739033650683,5.78781638349317,22.5999540292591,0.193486456594063,0.5,0.0053543495986327,L2_vs_L3,-551.922966646515,17.8972778918797,2.55766635705194e-39,2.04613308564155e-38,0.00018267179110955,0.0014613743288764,-236.398125295823,0.111079956520066,0.11015427871315,0.112013413229557,9.00252422964671,8.92750226216774,9.07817664172699
RAW,L2,C1,T1,DIST,T1/D1,C1_T1_L2_DIST,7,4,L2_T1_DIST_R07,1,1,COMPLETE,9.2696853,130,14.0242085672531,2026-09-13 10:52:03.428,2026-09-13 10:52:15.405,,,0,9.18501541,0.0472649160426267,9.18778405,0.514587226398858,9.15120412589878,9.21882669410122,14.1538245251798,0.0727911623191474,0.244400908414083,0.00580974195651908,L2_vs_L3,-685.730047765863,15.6003942756629,2.29032020127687e-36,1.14516010063843e-35,0.00018267179110955,0.0014613743288764,-293.710005828924,0.132183127241662,0.131357086867956,0.133014362178639,7.56526207896237,7.51798515303928,7.61283630631386
RAW,L2,C1,T1,DIST,T1/D1,C1_T1_L2_DIST,8,1,L2_T1_DIST_R08,1,1,COMPLETE,9.140866,130,14.2218472516718,2026-09-13 10:52:16.065,2026-09-13 10:52:27.846,,,0,9.18501541,0.0472649160426267,9.18778405,0.514587226398858,9.15120412589878,9.21882669410122,14.1538245251798,0.0727911623191474,0.244400908414083,0.00580974195651908,L2_vs_L3,-685.730047765863,15.6003942756629,2.29032020127687e-36,1.14516010063843e-35,0.00018267179110955,0.0014613743288764,-293.710005828924,0.132183127241662,0.131357086867956,0.133014362178639,7.56526207896237,7.51798515303928,7.61283630631386
RAW,L2,C1,T1,NOM,T1/D0,C1_T1_L2_NOM,8,2,L2_T1_NOM_R08,1,1,COMPLETE,5.7510256,130,22.6046637664072,2026-09-13 10:52:28.480,2026-09-13 10:52:36.856,,,0,5.75260336,0.0492244125963755,5.75518785,0.855689320397982,5.71739033650683,5.78781638349317,22.5999540292591,0.193486456594063,0.5,0.0053543495986327,L2_vs_L3,-551.922966646515,17.8972778918797,2.55766635705194e-39,2.04613308564155e-38,0.00018267179110955,0.0014613743288764,-236.398125295823,0.111079956520066,0.11015427871315,0.112013413229557,9.00252422964671,8.92750226216774,9.07817664172699
RAW,L2,C1,T2,DIST,T2/D1,C1_T2_L2_DIST,8,3,L2_T2_DIST_R08,1,1,COMPLETE,9.1158982,130,14.2607998847552,2026-09-13 10:52:37.504,2026-09-13 10:52:49.309,,,0,9.23819567,0.102587334568455,9.25790715,1.11046938420666,9.16480911175133,9.31158222824867,14.0735739843961,0.156296870035604,0.349521570728081,0.970483864483072,L2_vs_L3,-268.568606351905,12.6366264568275,4.0502369547574e-25,1.21507108642722e-24,0.00018267179110955,0.0014613743288764,-115.03256594061,0.104412964707448,0.102526974810727,0.106333647502277,9.57735471645574,9.40436092892029,9.75353073516585
RAW,L2,C1,T2,NOM,T2/D0,C1_T2_L2_NOM,8,4,L2_T2_NOM_R08,1,1,COMPLETE,6.0903115,130,21.3453778185237,2026-09-13 10:52:49.947,2026-09-13 10:52:58.614,,,0,6.11345001,0.0541749836144249,6.10816045,0.886160572603176,6.07469556134057,6.15220445865943,21.2660923448825,0.188540558821711,0.5,0.70234411503295,L2_vs_L3,-549.452750888593,17.6112063923557,9.75253872107337e-39,6.82677710475136e-38,0.00018267179110955,0.0014613743288764,-235.34008928439,0.0943799950225977,0.0935306655689867,0.0952370370324744,10.5954656997022,10.500116668466,10.6916805725328
RAW,L2,C1,T2,NOM,T2/D0,C1_T2_L2_NOM,9,1,L2_T2_NOM_R09,1,1,COMPLETE,6.1696556,130,21.0708682021084,2026-09-13 10:52:59.250,2026-09-13 10:53:08.042,,,0,6.11345001,0.0541749836144249,6.10816045,0.886160572603176,6.07469556134057,6.15220445865943,21.2660923448825,0.188540558821711,0.5,0.70234411503295,L2_vs_L3,-549.452750888593,17.6112063923557,9.75253872107337e-39,6.82677710475136e-38,0.00018267179110955,0.0014613743288764,-235.34008928439,0.0943799950225977,0.0935306655689867,0.0952370370324744,10.5954656997022,10.500116668466,10.6916805725328
RAW,L2,C1,T2,DIST,T2/D1,C1_T2_L2_DIST,9,2,L2_T2_DIST_R09,1,1,COMPLETE,9.3955572,130,13.8363268119958,2026-09-13 10:53:08.687,2026-09-13 10:53:20.846,,,0,9.23819567,0.102587334568455,9.25790715,1.11046938420666,9.16480911175133,9.31158222824867,14.0735739843961,0.156296870035604,0.349521570728081,0.970483864483072,L2_vs_L3,-268.568606351905,12.6366264568275,4.0502369547574e-25,1.21507108642722e-24,0.00018267179110955,0.0014613743288764,-115.03256594061,0.104412964707448,0.102526974810727,0.106333647502277,9.57735471645574,9.40436092892029,9.75353073516585
RAW,L2,C1,T1,NOM,T1/D0,C1_T1_L2_NOM,9,3,L2_T1_NOM_R09,1,1,COMPLETE,5.8094251,130,22.3774293948639,2026-09-13 10:53:21.488,2026-09-13 10:53:29.896,,,0,5.75260336,0.0492244125963755,5.75518785,0.855689320397982,5.71739033650683,5.78781638349317,22.5999540292591,0.193486456594063,0.5,0.0053543495986327,L2_vs_L3,-551.922966646515,17.8972778918797,2.55766635705194e-39,2.04613308564155e-38,0.00018267179110955,0.0014613743288764,-236.398125295823,0.111079956520066,0.11015427871315,0.112013413229557,9.00252422964671,8.92750226216774,9.07817664172699
RAW,L2,C1,T1,DIST,T1/D1,C1_T1_L2_DIST,9,4,L2_T1_DIST_R09,1,1,COMPLETE,9.2297052,130,14.0849569063159,2026-09-13 10:53:30.539,2026-09-13 10:53:42.514,,,0,9.18501541,0.0472649160426267,9.18778405,0.514587226398858,9.15120412589878,9.21882669410122,14.1538245251798,0.0727911623191474,0.244400908414083,0.00580974195651908,L2_vs_L3,-685.730047765863,15.6003942756629,2.29032020127687e-36,1.14516010063843e-35,0.00018267179110955,0.0014613743288764,-293.710005828924,0.132183127241662,0.131357086867956,0.133014362178639,7.56526207896237,7.51798515303928,7.61283630631386
RAW,L2,C1,T2,DIST,T2/D1,C1_T2_L2_DIST,10,1,L2_T2_DIST_R10,1,1,COMPLETE,9.2754549,130,14.0154851057494,2026-09-13 10:53:43.156,2026-09-13 10:53:55.111,,,0,9.23819567,0.102587334568455,9.25790715,1.11046938420666,9.16480911175133,9.31158222824867,14.0735739843961,0.156296870035604,0.349521570728081,0.970483864483072,L2_vs_L3,-268.568606351905,12.6366264568275,4.0502369547574e-25,1.21507108642722e-24,0.00018267179110955,0.0014613743288764,-115.03256594061,0.104412964707448,0.102526974810727,0.106333647502277,9.57735471645574,9.40436092892029,9.75353073516585
RAW,L2,C1,T2,NOM,T2/D0,C1_T2_L2_NOM,10,2,L2_T2_NOM_R10,1,1,COMPLETE,6.1260094,130,21.2209925763418,2026-09-13 10:53:55.746,2026-09-13 10:54:04.450,,,0,6.11345001,0.0541749836144249,6.10816045,0.886160572603176,6.07469556134057,6.15220445865943,21.2660923448825,0.188540558821711,0.5,0.70234411503295,L2_vs_L3,-549.452750888593,17.6112063923557,9.75253872107337e-39,6.82677710475136e-38,0.00018267179110955,0.0014613743288764,-235.34008928439,0.0943799950225977,0.0935306655689867,0.0952370370324744,10.5954656997022,10.500116668466,10.6916805725328
RAW,L2,C1,T1,NOM,T1/D0,C1_T1_L2_NOM,10,3,L2_T1_NOM_R10,1,1,COMPLETE,5.7370159,130,22.6598639895699,2026-09-13 10:54:05.083,2026-09-13 10:54:13.359,,,0,5.75260336,0.0492244125963755,5.75518785,0.855689320397982,5.71739033650683,5.78781638349317,22.5999540292591,0.193486456594063,0.5,0.0053543495986327,L2_vs_L3,-551.922966646515,17.8972778918797,2.55766635705194e-39,2.04613308564155e-38,0.00018267179110955,0.0014613743288764,-236.398125295823,0.111079956520066,0.11015427871315,0.112013413229557,9.00252422964671,8.92750226216774,9.07817664172699
RAW,L2,C1,T1,DIST,T1/D1,C1_T1_L2_DIST,10,4,L2_T1_DIST_R10,1,1,COMPLETE,9.1885571,130,14.1480320125561,2026-09-13 10:54:14.005,2026-09-13 10:54:25.938,,,0,9.18501541,0.0472649160426267,9.18778405,0.514587226398858,9.15120412589878,9.21882669410122,14.1538245251798,0.0727911623191474,0.244400908414083,0.00580974195651908,L2_vs_L3,-685.730047765863,15.6003942756629,2.29032020127687e-36,1.14516010063843e-35,0.00018267179110955,0.0014613743288764,-293.710005828924,0.132183127241662,0.131357086867956,0.133014362178639,7.56526207896237,7.51798515303928,7.61283630631386
RAW,L3,C2,T2,DIST,T2/D1,C2_T2_L3_DIST,1,1,L3_T2_DIST_R01,1,1,COMPLETE,87.1299232,130,1.49202472842304,2026-09-13 10:55:40.721,2026-09-13 10:57:12.720,,,1,88.49628163,2.20094998403311,87.9494498,2.48705362925327,86.9218168592259,90.0707464007741,1.46976127846253,0.0345384467317354,0.001,0.970483864483072,,NaN,NaN,NaN,NaN,NaN,NaN,NaN,NaN,NaN,NaN,NaN,NaN,NaN
RAW,L3,C2,T1,NOM,T1/D0,C2_T1_L3_NOM,1,2,L3_T1_NOM_R01,1,1,COMPLETE,51.0878608,130,2.54463580906093,2026-09-13 10:57:13.416,2026-09-13 10:58:08.816,,,1,51.78823401,0.479195196202818,51.78697965,0.925297425879184,51.4454384170884,52.1310296029117,2.51041533416936,0.0231348288324886,0.498956318889515,0.0053543495986327,,NaN,NaN,NaN,NaN,NaN,NaN,NaN,NaN,NaN,NaN,NaN,NaN,NaN
RAW,L3,C2,T2,NOM,T2/D0,C2_T2_L3_NOM,1,3,L3_T2_NOM_R01,1,1,COMPLETE,64.1720972,130,2.02580257888159,2026-09-13 10:58:09.496,2026-09-13 10:59:17.833,,,1,64.77566331,0.671335790007718,64.719606,1.03640125890317,64.2954186163927,65.2559080036073,2.00711802184251,0.0205265879376593,0.0681954729178586,0.70234411503295,,NaN,NaN,NaN,NaN,NaN,NaN,NaN,NaN,NaN,NaN,NaN,NaN,NaN
RAW,L3,C2,T1,DIST,T1/D1,C2_T1_L3_DIST,1,4,L3_T1_DIST_R01,1,1,COMPLETE,69.8443176,130,1.86128241304487,2026-09-13 10:59:18.517,2026-09-13 11:00:32.702,,,1,69.48811633,0.540916129123809,69.5308948,0.778429690848131,69.1011682414804,69.8750644185196,1.87092555216171,0.0145690006656431,0.389587255286542,0.00580974195651908,,NaN,NaN,NaN,NaN,NaN,NaN,NaN,NaN,NaN,NaN,NaN,NaN,NaN
RAW,L3,C2,T1,NOM,T1/D0,C2_T1_L3_NOM,2,1,L3_T1_NOM_R02,1,1,COMPLETE,51.708936,130,2.51407222921779,2026-09-13 11:00:33.415,2026-09-13 11:01:29.244,,,0,51.78823401,0.479195196202818,51.78697965,0.925297425879184,51.4454384170884,52.1310296029117,2.51041533416936,0.0231348288324886,0.498956318889515,0.0053543495986327,,NaN,NaN,NaN,NaN,NaN,NaN,NaN,NaN,NaN,NaN,NaN,NaN,NaN
RAW,L3,C2,T2,DIST,T2/D1,C2_T2_L3_DIST,2,2,L3_T2_DIST_R02,1,1,COMPLETE,87.0964055,130,1.49259891098491,2026-09-13 11:01:29.925,2026-09-13 11:03:01.270,,,0,88.49628163,2.20094998403311,87.9494498,2.48705362925327,86.9218168592259,90.0707464007741,1.46976127846253,0.0345384467317354,0.001,0.970483864483072,,NaN,NaN,NaN,NaN,NaN,NaN,NaN,NaN,NaN,NaN,NaN,NaN,NaN
RAW,L3,C2,T1,DIST,T1/D1,C2_T1_L3_DIST,2,3,L3_T1_DIST_R02,1,1,COMPLETE,69.1609432,130,1.87967361324245,2026-09-13 11:03:01.978,2026-09-13 11:04:15.333,,,0,69.48811633,0.540916129123809,69.5308948,0.778429690848131,69.1011682414804,69.8750644185196,1.87092555216171,0.0145690006656431,0.389587255286542,0.00580974195651908,,NaN,NaN,NaN,NaN,NaN,NaN,NaN,NaN,NaN,NaN,NaN,NaN,NaN
RAW,L3,C2,T2,NOM,T2/D0,C2_T2_L3_NOM,2,4,L3_T2_NOM_R02,1,1,COMPLETE,65.0133598,130,1.999589013703,2026-09-13 11:04:16.028,2026-09-13 11:05:25.203,,,0,64.77566331,0.671335790007718,64.719606,1.03640125890317,64.2954186163927,65.2559080036073,2.00711802184251,0.0205265879376593,0.0681954729178586,0.70234411503295,,NaN,NaN,NaN,NaN,NaN,NaN,NaN,NaN,NaN,NaN,NaN,NaN,NaN
RAW,L3,C2,T1,DIST,T1/D1,C2_T1_L3_DIST,3,1,L3_T1_DIST_R03,1,1,COMPLETE,70.2624951,130,1.85020471896108,2026-09-13 11:05:25.906,2026-09-13 11:06:40.466,,,0,69.48811633,0.540916129123809,69.5308948,0.778429690848131,69.1011682414804,69.8750644185196,1.87092555216171,0.0145690006656431,0.389587255286542,0.00580974195651908,,NaN,NaN,NaN,NaN,NaN,NaN,NaN,NaN,NaN,NaN,NaN,NaN,NaN
RAW,L3,C2,T2,DIST,T2/D1,C2_T2_L3_DIST,3,2,L3_T2_DIST_R03,1,1,COMPLETE,88.1743454,130,1.47435174494644,2026-09-13 11:06:41.152,2026-09-13 11:08:13.551,,,0,88.49628163,2.20094998403311,87.9494498,2.48705362925327,86.9218168592259,90.0707464007741,1.46976127846253,0.0345384467317354,0.001,0.970483864483072,,NaN,NaN,NaN,NaN,NaN,NaN,NaN,NaN,NaN,NaN,NaN,NaN,NaN
RAW,L3,C2,T1,NOM,T1/D0,C2_T1_L3_NOM,3,3,L3_T1_NOM_R03,1,1,COMPLETE,51.8173991,130,2.50880982561705,2026-09-13 11:08:14.248,2026-09-13 11:09:10.165,,,0,51.78823401,0.479195196202818,51.78697965,0.925297425879184,51.4454384170884,52.1310296029117,2.51041533416936,0.0231348288324886,0.498956318889515,0.0053543495986327,,NaN,NaN,NaN,NaN,NaN,NaN,NaN,NaN,NaN,NaN,NaN,NaN,NaN
RAW,L3,C2,T2,NOM,T2/D0,C2_T2_L3_NOM,3,4,L3_T2_NOM_R03,1,1,COMPLETE,64.0155361,130,2.03075703055777,2026-09-13 11:09:10.846,2026-09-13 11:10:18.980,,,0,64.77566331,0.671335790007718,64.719606,1.03640125890317,64.2954186163927,65.2559080036073,2.00711802184251,0.0205265879376593,0.0681954729178586,0.70234411503295,,NaN,NaN,NaN,NaN,NaN,NaN,NaN,NaN,NaN,NaN,NaN,NaN,NaN
RAW,L3,C2,T1,NOM,T1/D0,C2_T1_L3_NOM,4,1,L3_T1_NOM_R04,1,1,COMPLETE,52.0051086,130,2.49975441835728,2026-09-13 11:10:19.681,2026-09-13 11:11:15.750,,,0,51.78823401,0.479195196202818,51.78697965,0.925297425879184,51.4454384170884,52.1310296029117,2.51041533416936,0.0231348288324886,0.498956318889515,0.0053543495986327,,NaN,NaN,NaN,NaN,NaN,NaN,NaN,NaN,NaN,NaN,NaN,NaN,NaN
RAW,L3,C2,T2,DIST,T2/D1,C2_T2_L3_DIST,4,2,L3_T2_DIST_R04,1,1,COMPLETE,94.6488419,130,1.37349805227781,2026-09-13 11:11:16.485,2026-09-13 11:12:55.444,,,0,88.49628163,2.20094998403311,87.9494498,2.48705362925327,86.9218168592259,90.0707464007741,1.46976127846253,0.0345384467317354,0.001,0.970483864483072,,NaN,NaN,NaN,NaN,NaN,NaN,NaN,NaN,NaN,NaN,NaN,NaN,NaN
RAW,L3,C2,T1,DIST,T1/D1,C2_T1_L3_DIST,4,3,L3_T1_DIST_R04,1,1,COMPLETE,68.8860628,130,1.88717419338415,2026-09-13 11:12:56.134,2026-09-13 11:14:09.324,,,0,69.48811633,0.540916129123809,69.5308948,0.778429690848131,69.1011682414804,69.8750644185196,1.87092555216171,0.0145690006656431,0.389587255286542,0.00580974195651908,,NaN,NaN,NaN,NaN,NaN,NaN,NaN,NaN,NaN,NaN,NaN,NaN,NaN
RAW,L3,C2,T2,NOM,T2/D0,C2_T2_L3_NOM,4,4,L3_T2_NOM_R04,1,1,COMPLETE,64.9023307,130,2.00300973166746,2026-09-13 11:14:10.021,2026-09-13 11:15:19.019,,,0,64.77566331,0.671335790007718,64.719606,1.03640125890317,64.2954186163927,65.2559080036073,2.00711802184251,0.0205265879376593,0.0681954729178586,0.70234411503295,,NaN,NaN,NaN,NaN,NaN,NaN,NaN,NaN,NaN,NaN,NaN,NaN,NaN
RAW,L3,C2,T2,NOM,T2/D0,C2_T2_L3_NOM,5,1,L3_T2_NOM_R05,1,1,COMPLETE,64.4298484,130,2.01769836850959,2026-09-13 11:15:19.719,2026-09-13 11:16:28.194,,,0,64.77566331,0.671335790007718,64.719606,1.03640125890317,64.2954186163927,65.2559080036073,2.00711802184251,0.0205265879376593,0.0681954729178586,0.70234411503295,,NaN,NaN,NaN,NaN,NaN,NaN,NaN,NaN,NaN,NaN,NaN,NaN,NaN
RAW,L3,C2,T2,DIST,T2/D1,C2_T2_L3_DIST,5,2,L3_T2_DIST_R05,1,1,COMPLETE,88.0413449,130,1.47657898851566,2026-09-13 11:16:28.883,2026-09-13 11:18:01.196,,,0,88.49628163,2.20094998403311,87.9494498,2.48705362925327,86.9218168592259,90.0707464007741,1.46976127846253,0.0345384467317354,0.001,0.970483864483072,,NaN,NaN,NaN,NaN,NaN,NaN,NaN,NaN,NaN,NaN,NaN,NaN,NaN
RAW,L3,C2,T1,DIST,T1/D1,C2_T1_L3_DIST,5,3,L3_T1_DIST_R05,1,1,COMPLETE,70.1281268,130,1.85374978531439,2026-09-13 11:18:01.892,2026-09-13 11:19:16.268,,,0,69.48811633,0.540916129123809,69.5308948,0.778429690848131,69.1011682414804,69.8750644185196,1.87092555216171,0.0145690006656431,0.389587255286542,0.00580974195651908,,NaN,NaN,NaN,NaN,NaN,NaN,NaN,NaN,NaN,NaN,NaN,NaN,NaN
RAW,L3,C2,T1,NOM,T1/D0,C2_T1_L3_NOM,5,4,L3_T1_NOM_R05,1,1,COMPLETE,51.4314905,130,2.52763430995647,2026-09-13 11:19:16.945,2026-09-13 11:20:12.436,,,0,51.78823401,0.479195196202818,51.78697965,0.925297425879184,51.4454384170884,52.1310296029117,2.51041533416936,0.0231348288324886,0.498956318889515,0.0053543495986327,,NaN,NaN,NaN,NaN,NaN,NaN,NaN,NaN,NaN,NaN,NaN,NaN,NaN
RAW,L3,C2,T2,DIST,T2/D1,C2_T2_L3_DIST,6,1,L3_T2_DIST_R06,1,1,COMPLETE,87.8575547,130,1.47966786059435,2026-09-13 11:20:13.110,2026-09-13 11:21:45.250,,,0,88.49628163,2.20094998403311,87.9494498,2.48705362925327,86.9218168592259,90.0707464007741,1.46976127846253,0.0345384467317354,0.001,0.970483864483072,,NaN,NaN,NaN,NaN,NaN,NaN,NaN,NaN,NaN,NaN,NaN,NaN,NaN
RAW,L3,C2,T2,NOM,T2/D0,C2_T2_L3_NOM,6,2,L3_T2_NOM_R06,1,1,COMPLETE,64.6286077,130,2.01149312396529,2026-09-13 11:21:45.945,2026-09-13 11:22:54.596,,,0,64.77566331,0.671335790007718,64.719606,1.03640125890317,64.2954186163927,65.2559080036073,2.00711802184251,0.0205265879376593,0.0681954729178586,0.70234411503295,,NaN,NaN,NaN,NaN,NaN,NaN,NaN,NaN,NaN,NaN,NaN,NaN,NaN
RAW,L3,C2,T1,DIST,T1/D1,C2_T1_L3_DIST,6,3,L3_T1_DIST_R06,1,1,COMPLETE,69.3099776,130,1.87563182822324,2026-09-13 11:22:55.286,2026-09-13 11:24:08.841,,,0,69.48811633,0.540916129123809,69.5308948,0.778429690848131,69.1011682414804,69.8750644185196,1.87092555216171,0.0145690006656431,0.389587255286542,0.00580974195651908,,NaN,NaN,NaN,NaN,NaN,NaN,NaN,NaN,NaN,NaN,NaN,NaN,NaN
RAW,L3,C2,T1,NOM,T1/D0,C2_T1_L3_NOM,6,4,L3_T1_NOM_R06,1,1,COMPLETE,51.7565602,130,2.51175888617111,2026-09-13 11:24:09.540,2026-09-13 11:25:05.365,,,0,51.78823401,0.479195196202818,51.78697965,0.925297425879184,51.4454384170884,52.1310296029117,2.51041533416936,0.0231348288324886,0.498956318889515,0.0053543495986327,,NaN,NaN,NaN,NaN,NaN,NaN,NaN,NaN,NaN,NaN,NaN,NaN,NaN
RAW,L3,C2,T1,NOM,T1/D0,C2_T1_L3_NOM,7,1,L3_T1_NOM_R07,1,1,COMPLETE,51.2432966,130,2.53691718967199,2026-09-13 11:25:06.070,2026-09-13 11:26:01.329,,,0,51.78823401,0.479195196202818,51.78697965,0.925297425879184,51.4454384170884,52.1310296029117,2.51041533416936,0.0231348288324886,0.498956318889515,0.0053543495986327,,NaN,NaN,NaN,NaN,NaN,NaN,NaN,NaN,NaN,NaN,NaN,NaN,NaN
RAW,L3,C2,T2,NOM,T2/D0,C2_T2_L3_NOM,7,2,L3_T2_NOM_R07,1,1,COMPLETE,64.8106043,130,2.00584458984901,2026-09-13 11:26:02.018,2026-09-13 11:27:10.858,,,0,64.77566331,0.671335790007718,64.719606,1.03640125890317,64.2954186163927,65.2559080036073,2.00711802184251,0.0205265879376593,0.0681954729178586,0.70234411503295,,NaN,NaN,NaN,NaN,NaN,NaN,NaN,NaN,NaN,NaN,NaN,NaN,NaN
RAW,L3,C2,T1,DIST,T1/D1,C2_T1_L3_DIST,7,3,L3_T1_DIST_R07,1,1,COMPLETE,69.075626,130,1.88199524967027,2026-09-13 11:27:11.552,2026-09-13 11:28:24.918,,,0,69.48811633,0.540916129123809,69.5308948,0.778429690848131,69.1011682414804,69.8750644185196,1.87092555216171,0.0145690006656431,0.389587255286542,0.00580974195651908,,NaN,NaN,NaN,NaN,NaN,NaN,NaN,NaN,NaN,NaN,NaN,NaN,NaN
RAW,L3,C2,T2,DIST,T2/D1,C2_T2_L3_DIST,7,4,L3_T2_DIST_R07,1,1,COMPLETE,87.7715513,130,1.48111772065717,2026-09-13 11:28:25.596,2026-09-13 11:29:57.642,,,0,88.49628163,2.20094998403311,87.9494498,2.48705362925327,86.9218168592259,90.0707464007741,1.46976127846253,0.0345384467317354,0.001,0.970483864483072,,NaN,NaN,NaN,NaN,NaN,NaN,NaN,NaN,NaN,NaN,NaN,NaN,NaN
RAW,L3,C2,T1,NOM,T1/D0,C2_T1_L3_NOM,8,1,L3_T1_NOM_R08,1,1,COMPLETE,52.7776492,130,2.46316389552265,2026-09-13 11:29:58.351,2026-09-13 11:30:55.196,,,0,51.78823401,0.479195196202818,51.78697965,0.925297425879184,51.4454384170884,52.1310296029117,2.51041533416936,0.0231348288324886,0.498956318889515,0.0053543495986327,,NaN,NaN,NaN,NaN,NaN,NaN,NaN,NaN,NaN,NaN,NaN,NaN,NaN
RAW,L3,C2,T2,NOM,T2/D0,C2_T2_L3_NOM,8,2,L3_T2_NOM_R08,1,1,COMPLETE,65.0248369,130,1.999236079591,2026-09-13 11:30:55.871,2026-09-13 11:32:05.009,,,0,64.77566331,0.671335790007718,64.719606,1.03640125890317,64.2954186163927,65.2559080036073,2.00711802184251,0.0205265879376593,0.0681954729178586,0.70234411503295,,NaN,NaN,NaN,NaN,NaN,NaN,NaN,NaN,NaN,NaN,NaN,NaN,NaN
RAW,L3,C2,T2,DIST,T2/D1,C2_T2_L3_DIST,8,3,L3_T2_DIST_R08,1,1,COMPLETE,87.819358,130,1.48031143657415,2026-09-13 11:32:05.721,2026-09-13 11:33:37.819,,,0,88.49628163,2.20094998403311,87.9494498,2.48705362925327,86.9218168592259,90.0707464007741,1.46976127846253,0.0345384467317354,0.001,0.970483864483072,,NaN,NaN,NaN,NaN,NaN,NaN,NaN,NaN,NaN,NaN,NaN,NaN,NaN
RAW,L3,C2,T1,DIST,T1/D1,C2_T1_L3_DIST,8,4,L3_T1_DIST_R08,1,1,COMPLETE,68.6723718,130,1.89304660072917,2026-09-13 11:33:38.518,2026-09-13 11:34:51.365,,,0,69.48811633,0.540916129123809,69.5308948,0.778429690848131,69.1011682414804,69.8750644185196,1.87092555216171,0.0145690006656431,0.389587255286542,0.00580974195651908,,NaN,NaN,NaN,NaN,NaN,NaN,NaN,NaN,NaN,NaN,NaN,NaN,NaN
RAW,L3,C2,T1,DIST,T1/D1,C2_T1_L3_DIST,9,1,L3_T1_DIST_R09,1,1,COMPLETE,69.751812,130,1.86375086571228,2026-09-13 11:34:52.045,2026-09-13 11:36:05.991,,,0,69.48811633,0.540916129123809,69.5308948,0.778429690848131,69.1011682414804,69.8750644185196,1.87092555216171,0.0145690006656431,0.389587255286542,0.00580974195651908,,NaN,NaN,NaN,NaN,NaN,NaN,NaN,NaN,NaN,NaN,NaN,NaN,NaN
RAW,L3,C2,T1,NOM,T1/D0,C2_T1_L3_NOM,9,2,L3_T1_NOM_R09,1,1,COMPLETE,52.070326,130,2.49662350875237,2026-09-13 11:36:06.674,2026-09-13 11:37:02.825,,,0,51.78823401,0.479195196202818,51.78697965,0.925297425879184,51.4454384170884,52.1310296029117,2.51041533416936,0.0231348288324886,0.498956318889515,0.0053543495986327,,NaN,NaN,NaN,NaN,NaN,NaN,NaN,NaN,NaN,NaN,NaN,NaN,NaN
RAW,L3,C2,T2,DIST,T2/D1,C2_T2_L3_DIST,9,3,L3_T2_DIST_R09,1,1,COMPLETE,88.374653,130,1.47101001912845,2026-09-13 11:37:03.528,2026-09-13 11:38:36.113,,,0,88.49628163,2.20094998403311,87.9494498,2.48705362925327,86.9218168592259,90.0707464007741,1.46976127846253,0.0345384467317354,0.001,0.970483864483072,,NaN,NaN,NaN,NaN,NaN,NaN,NaN,NaN,NaN,NaN,NaN,NaN,NaN
RAW,L3,C2,T2,NOM,T2/D0,C2_T2_L3_NOM,9,4,L3_T2_NOM_R09,1,1,COMPLETE,66.4061901,130,1.95764882466883,2026-09-13 11:38:36.817,2026-09-13 11:39:47.249,,,0,64.77566331,0.671335790007718,64.719606,1.03640125890317,64.2954186163927,65.2559080036073,2.00711802184251,0.0205265879376593,0.0681954729178586,0.70234411503295,,NaN,NaN,NaN,NaN,NaN,NaN,NaN,NaN,NaN,NaN,NaN,NaN,NaN
RAW,L3,C2,T2,NOM,T2/D0,C2_T2_L3_NOM,10,1,L3_T2_NOM_R10,1,1,COMPLETE,64.3532219,130,2.02010087703161,2026-09-13 11:39:47.965,2026-09-13 11:40:56.330,,,0,64.77566331,0.671335790007718,64.719606,1.03640125890317,64.2954186163927,65.2559080036073,2.00711802184251,0.0205265879376593,0.0681954729178586,0.70234411503295,,NaN,NaN,NaN,NaN,NaN,NaN,NaN,NaN,NaN,NaN,NaN,NaN,NaN
RAW,L3,C2,T1,NOM,T1/D0,C2_T1_L3_NOM,10,2,L3_T1_NOM_R10,1,1,COMPLETE,51.9837131,130,2.50078326936596,2026-09-13 11:40:57.020,2026-09-13 11:41:53.029,,,0,51.78823401,0.479195196202818,51.78697965,0.925297425879184,51.4454384170884,52.1310296029117,2.51041533416936,0.0231348288324886,0.498956318889515,0.0053543495986327,,NaN,NaN,NaN,NaN,NaN,NaN,NaN,NaN,NaN,NaN,NaN,NaN,NaN
RAW,L3,C2,T1,DIST,T1/D1,C2_T1_L3_DIST,10,3,L3_T1_DIST_R10,1,1,COMPLETE,69.7894304,130,1.86274625333523,2026-09-13 11:41:53.716,2026-09-13 11:43:07.693,,,0,69.48811633,0.540916129123809,69.5308948,0.778429690848131,69.1011682414804,69.8750644185196,1.87092555216171,0.0145690006656431,0.389587255286542,0.00580974195651908,,NaN,NaN,NaN,NaN,NaN,NaN,NaN,NaN,NaN,NaN,NaN,NaN,NaN
RAW,L3,C2,T2,DIST,T2/D1,C2_T2_L3_DIST,10,4,L3_T2_DIST_R10,1,1,COMPLETE,88.0488384,130,1.47645332252333,2026-09-13 11:43:08.379,2026-09-13 11:44:40.632,,,0,88.49628163,2.20094998403311,87.9494498,2.48705362925327,86.9218168592259,90.0707464007741,1.46976127846253,0.0345384467317354,0.001,0.970483864483072,,NaN,NaN,NaN,NaN,NaN,NaN,NaN,NaN,NaN,NaN,NaN,NaN,NaN
